<?xml version="1.0" encoding="UTF-8"?>
<project-private xmlns="http://www.netbeans.org/ns/project-private/1">
    <editor-bookmarks xmlns="http://www.netbeans.org/ns/editor-bookmarks/2" lastBookmarkId="0"/>
    <open-files xmlns="http://www.netbeans.org/ns/projectui-open-files/2">
        <group>
            <file>file:/C:/Users/Mert/Documents/TSMS-FINAL/TechStoreStockManagementSystem/src/GUI/DisplayFrame.java</file>
            <file>file:/C:/Users/Mert/Documents/TSMS-FINAL/TechStoreStockManagementSystem/src/GUI/SearchFrame.java</file>
            <file>file:/C:/Users/Mert/Documents/TSMS-FINAL/TechStoreStockManagementSystem/src/GUI/StocksFrame.java</file>
            <file>file:/C:/Users/Mert/Documents/TSMS-FINAL/TechStoreStockManagementSystem/src/Has_A/GraphicsCard.java</file>
            <file>file:/C:/Users/Mert/Documents/TSMS-FINAL/TechStoreStockManagementSystem/src/Inheritance/Camera.java</file>
            <file>file:/C:/Users/Mert/Documents/TSMS-FINAL/TechStoreStockManagementSystem/src/GUI/MainFrame.java</file>
            <file>file:/C:/Users/Mert/Documents/TSMS-FINAL/TechStoreStockManagementSystem/src/SystemClassAndMain/DeviceMain.java</file>
            <file>file:/C:/Users/Mert/Documents/TSMS-FINAL/TechStoreStockManagementSystem/src/GUI/RemoveFrame.java</file>
            <file>file:/C:/Users/Mert/Documents/TSMS-FINAL/TechStoreStockManagementSystem/src/Inheritance/GameConsole.java</file>
            <file>file:/C:/Users/Mert/Documents/TSMS-FINAL/TechStoreStockManagementSystem/src/Inheritance/PC.java</file>
            <file>file:/C:/Users/Mert/Documents/TSMS-FINAL/TechStoreStockManagementSystem/src/Inheritance/Phone.java</file>
            <file>file:/C:/Users/Mert/Documents/TSMS-FINAL/TechStoreStockManagementSystem/src/GUI/ShoppingCartFrame.java</file>
            <file>file:/C:/Users/Mert/Documents/TSMS-FINAL/TechStoreStockManagementSystem/src/SystemClassAndMain/DeviceSys.java</file>
        </group>
    </open-files>
</project-private>
